{
  "title":"Lecture 16: Cook-Levin Theorem",
  "description": "",
  "file": null,
  "learning_resource_types": ["Lecture Videos"],
  "resource_type": "Video",
  "file_type": null,
  "youtube_key":  "6Az1gtDRaAU",
  "captions_file": "/courses/18-404j-theory-of-computation-fall-2020/f3a77eca24c656f0b8ae701758dc3de5_6Az1gtDRaAU.vtt",
  "transcript_file": "/courses/18-404j-theory-of-computation-fall-2020/3a8e803c31ff396ad5338677489dc7ea_6Az1gtDRaAU.pdf",
  "thumbnail_file": "https://img.youtube.com/vi/6Az1gtDRaAU/default.jpg",
  "archive_url": "https://archive.org/download/MIT18.404F20/MIT18_404F20_lec16_300k.mp4"}
