{
  "title":"Lecture 10: Computation History Method",
  "description": "",
  "file": null,
  "learning_resource_types": ["Lecture Videos"],
  "resource_type": "Video",
  "file_type": null,
  "youtube_key":  "MGqoLm2aAgc",
  "captions_file": "/courses/18-404j-theory-of-computation-fall-2020/b9e1f190db175c799f9c72869d9446e7_MGqoLm2aAgc.vtt",
  "transcript_file": "/courses/18-404j-theory-of-computation-fall-2020/854d7b747ecd354b5ef5fcfa78b88a72_MGqoLm2aAgc.pdf",
  "thumbnail_file": "https://img.youtube.com/vi/MGqoLm2aAgc/default.jpg",
  "archive_url": "https://archive.org/download/MIT18.404F20/MIT18_404F20_lec10_300k.mp4"}
