{
  "title":"Lecture 11: Recursion Theorem and Logic",
  "description": "",
  "file": null,
  "learning_resource_types": ["Lecture Videos"],
  "resource_type": "Video",
  "file_type": null,
  "youtube_key":  "N-_XmLanPYg",
  "captions_file": "/courses/18-404j-theory-of-computation-fall-2020/c27eaa0ac30f5c6693a6f1a1b63f5cae_N-_XmLanPYg.vtt",
  "transcript_file": "/courses/18-404j-theory-of-computation-fall-2020/b7a580ba97f66a30ee33598402debf0f_N-_XmLanPYg.pdf",
  "thumbnail_file": "https://img.youtube.com/vi/N-_XmLanPYg/default.jpg",
  "archive_url": "https://archive.org/download/MIT18.404F20/MIT18_404F20_lec11_300k.mp4"}
