<?xml version="1.0" encoding="utf-8" standalone="yes"?>
<rss version="2.0" xmlns:atom="http://www.w3.org/2005/Atom">
  <channel>
    <title>Exams on MIT OpenCourseWare</title>
    <link>/resources/exams/</link>
    <description>Recent content in Exams on MIT OpenCourseWare</description>
    <generator>Hugo -- gohugo.io</generator>
    <language>en-us</language><atom:link href="/resources/exams/index.xml" rel="self" type="application/rss+xml" />
    <item>
      <title>18.404J F2001 Sample Midterm Exam </title>
      <link>/resources/mit18_404f20_mid01/data.json</link>
      <pubDate>Mon, 01 Jan 0001 00:00:00 +0000</pubDate>
      
      <guid>/resources/mit18_404f20_mid01/data.json</guid>
      <description></description>
    </item>
    
    <item>
      <title>18.404J F2006 Sample Final Exam</title>
      <link>/resources/mit18_404f20_final/data.json</link>
      <pubDate>Mon, 01 Jan 0001 00:00:00 +0000</pubDate>
      
      <guid>/resources/mit18_404f20_final/data.json</guid>
      <description></description>
    </item>
    
    <item>
      <title>18.404J F2006 Sample Final Exam Solutions</title>
      <link>/resources/mit18_404f20_final_soln/data.json</link>
      <pubDate>Mon, 01 Jan 0001 00:00:00 +0000</pubDate>
      
      <guid>/resources/mit18_404f20_final_soln/data.json</guid>
      <description></description>
    </item>
    
    <item>
      <title>18.404J F2006 Sample Midterm Exam </title>
      <link>/resources/mit18_404f20_mid06/data.json</link>
      <pubDate>Mon, 01 Jan 0001 00:00:00 +0000</pubDate>
      
      <guid>/resources/mit18_404f20_mid06/data.json</guid>
      <description></description>
    </item>
    
    <item>
      <title>Exams</title>
      <link>/pages/exams/data.json</link>
      <pubDate>Mon, 01 Jan 0001 00:00:00 +0000</pubDate>
      
      <guid>/pages/exams/data.json</guid>
      <description>The exams are both open book and open notes. You may only use the class textbook and notes you took in lectures and in recitation (i.e. no other books or print-outs of other courses&amp;rsquo; problems).
Sample Midterm Exam, Fall 2001 Term (PDF)
Sample Midterm Exam, Fall 2006 Term (PDF)
Sample Final Exam, Fall 2006 Term (PDF)
Sample Final Exam Solutions, Fall 2006 Term (PDF)</description>
    </item>
    
  </channel>
</rss>
