{
  "title":"Lecture 23: Probabilistic Computation, BPP",
  "description": "",
  "file": null,
  "learning_resource_types": ["Lecture Videos"],
  "resource_type": "Video",
  "file_type": null,
  "youtube_key":  "Vp_AzDGQyrA",
  "captions_file": "/courses/18-404j-theory-of-computation-fall-2020/13428e3c2bec55faa8d8878bb9c8d6be_Vp_AzDGQyrA.vtt",
  "transcript_file": "/courses/18-404j-theory-of-computation-fall-2020/d8ebfeeb2bdecefdbd328869efc094fe_Vp_AzDGQyrA.pdf",
  "thumbnail_file": "https://img.youtube.com/vi/Vp_AzDGQyrA/default.jpg",
  "archive_url": "https://archive.org/download/MIT18.404F20/MIT18_404F20_lec23_300k.mp4"}
