{
  "title":"Lecture 1: Introduction, Finite Automata, Regular Expressions",
  "description": "",
  "file": null,
  "learning_resource_types": ["Lecture Videos"],
  "resource_type": "Video",
  "file_type": null,
  "youtube_key":  "9syvZr-9xwk",
  "captions_file": "/courses/18-404j-theory-of-computation-fall-2020/5f3e3c8a5c2b588e86b99f7291393046_9syvZr-9xwk.vtt",
  "transcript_file": "/courses/18-404j-theory-of-computation-fall-2020/86305bbfaa2bcc31f8c249142051e037_9syvZr-9xwk.pdf",
  "thumbnail_file": "https://img.youtube.com/vi/9syvZr-9xwk/default.jpg",
  "archive_url": "https://archive.org/download/MIT18.404F20/MIT18_404F20_lec01_300k.mp4"}
