<?xml version="1.0" encoding="utf-8" standalone="yes"?>
<rss version="2.0" xmlns:atom="http://www.w3.org/2005/Atom">
  <channel>
    <title>Readings on MIT OpenCourseWare</title>
    <link>/resources/readings/</link>
    <description>Recent content in Readings on MIT OpenCourseWare</description>
    <generator>Hugo -- gohugo.io</generator>
    <language>en-us</language><atom:link href="/resources/readings/index.xml" rel="self" type="application/rss+xml" />
    <item>
      <title>Readings</title>
      <link>/pages/readings/data.json</link>
      <pubDate>Mon, 01 Jan 0001 00:00:00 +0000</pubDate>
      
      <guid>/pages/readings/data.json</guid>
      <description>This course is taught using Professor Sipser&amp;rsquo;s textbook:
Sipser, Michael. Introduction to the Theory of Computation. 3rd ed. Cengage Learning, 2012. ISBN: 9781133187790.
We will cover Chapters 1, 2 (except 2.4), 3, 4, 5, 6.1, 7, 8, 9.1, 9.2, 10.2 (except the part on Primality), and 10.4 through Theorem 10.33.
LEC # TOPICS READINGS 1 Introduction, Finite Automata, Regular Expressions Section 1.1 2 Nondeterminism, Closure Properties, Regular Expressions → Finite Automata Sections 1.</description>
    </item>
    
  </channel>
</rss>
