{
  "title":"Lecture 25: Interactive Proof Systems, IP",
  "description": "",
  "file": null,
  "learning_resource_types": ["Lecture Videos"],
  "resource_type": "Video",
  "file_type": null,
  "youtube_key":  "TSI3LR5WZmo",
  "captions_file": "/courses/18-404j-theory-of-computation-fall-2020/4e3b372ff4515ee78308ba3da00c42a1_TSI3LR5WZmo.vtt",
  "transcript_file": "/courses/18-404j-theory-of-computation-fall-2020/8b3e808aa8f62fc7000d5ff404da54a9_TSI3LR5WZmo.pdf",
  "thumbnail_file": "https://img.youtube.com/vi/TSI3LR5WZmo/default.jpg",
  "archive_url": "https://archive.org/download/MIT18.404F20/MIT18_404F20_lec25_300k.mp4"}
