{
  "title":"18-404jf20-th.jpg",
  "description": "",
  "file": "/courses/18-404j-theory-of-computation-fall-2020/1e569d8aa6bebd254156ac586551bec1_18-404jf20-th.jpg",
  "learning_resource_types": [],
  "resource_type": "Image",
  "file_type": "image/jpeg",
  "image_metadata": {"caption":"Professor Michael Sipser teaching [Lecture 14](/courses/18-404j-theory-of-computation-fall-2020/resources/mit18_404f20_lec14-1) of Theory of Computation. (Image by MIT OpenCourseWare.)","credit":"","image-alt":"A man in front of a black screen with text and images."}}
