{
  "title":"Lecture 5: CF Pumping Lemma, Turing Machines",
  "description": "",
  "file": null,
  "learning_resource_types": ["Lecture Videos"],
  "resource_type": "Video",
  "file_type": null,
  "youtube_key":  "IycOPFmEQk8",
  "captions_file": "/courses/18-404j-theory-of-computation-fall-2020/9c54d4ad273b5c0281174d1948053324_IycOPFmEQk8.vtt",
  "transcript_file": "/courses/18-404j-theory-of-computation-fall-2020/12409362e93748137502be876e72f9b3_IycOPFmEQk8.pdf",
  "thumbnail_file": "https://img.youtube.com/vi/IycOPFmEQk8/default.jpg",
  "archive_url": "https://archive.org/download/MIT18.404F20/MIT18_404F20_lec05_300k.mp4"}
