{
  "title":"Lecture 19: Games, Generalized Geography",
  "description": "",
  "file": null,
  "learning_resource_types": ["Lecture Videos"],
  "resource_type": "Video",
  "file_type": null,
  "youtube_key":  "4dFPVJrNLDs",
  "captions_file": "/courses/18-404j-theory-of-computation-fall-2020/046793fe1d7159d6b6bdf79c74bd7119_4dFPVJrNLDs.vtt",
  "transcript_file": "/courses/18-404j-theory-of-computation-fall-2020/f6fda10316b3a876b0329e53a7f84f35_4dFPVJrNLDs.pdf",
  "thumbnail_file": "https://img.youtube.com/vi/4dFPVJrNLDs/default.jpg",
  "archive_url": "https://archive.org/download/MIT18.404F20/MIT18_404F20_lec19_300k.mp4"}
