{
  "title":"Lecture 21: Hierarchy Theorems",
  "description": "",
  "file": null,
  "learning_resource_types": ["Lecture Videos"],
  "resource_type": "Video",
  "file_type": null,
  "youtube_key":  "vqFRAWeEcUs",
  "captions_file": "/courses/18-404j-theory-of-computation-fall-2020/fcaaf51962145ac0abfd05dddd2b703a_vqFRAWeEcUs.vtt",
  "transcript_file": "/courses/18-404j-theory-of-computation-fall-2020/5f10f0b037667fb9a9eda63833093400_vqFRAWeEcUs.pdf",
  "thumbnail_file": "https://img.youtube.com/vi/vqFRAWeEcUs/default.jpg",
  "archive_url": "https://archive.org/download/MIT18.404F20/MIT18_404F20_lec21_300k.mp4"}
