{
  "title":"Lecture 17: Space Complexity, PSPACE, Savitch's Theorem",
  "description": "",
  "file": null,
  "learning_resource_types": ["Lecture Videos"],
  "resource_type": "Video",
  "file_type": null,
  "youtube_key":  "cT_qwkTigv4",
  "captions_file": "/courses/18-404j-theory-of-computation-fall-2020/ec724195249b55b49a36582674ccf0a7_cT_qwkTigv4.vtt",
  "transcript_file": "/courses/18-404j-theory-of-computation-fall-2020/3a37f978045d4293c204cbcb72c6573a_cT_qwkTigv4.pdf",
  "thumbnail_file": "https://img.youtube.com/vi/cT_qwkTigv4/default.jpg",
  "archive_url": "https://archive.org/download/MIT18.404F20/MIT18_404F20_lec17_300k.mp4"}
