{
  "title":"Lecture 9: Reducibility",
  "description": "",
  "file": null,
  "learning_resource_types": ["Lecture Videos"],
  "resource_type": "Video",
  "file_type": null,
  "youtube_key":  "N28g_YBXY8Y",
  "captions_file": "/courses/18-404j-theory-of-computation-fall-2020/d052e613659e5ae5a89df4faf5ecf3a2_N28g_YBXY8Y.vtt",
  "transcript_file": "/courses/18-404j-theory-of-computation-fall-2020/87629dbae63a97eb64319b5a9f75db86_N28g_YBXY8Y.pdf",
  "thumbnail_file": "https://img.youtube.com/vi/N28g_YBXY8Y/default.jpg",
  "archive_url": "https://archive.org/download/MIT18.404F20/MIT18_404F20_lec09_300k.mp4"}
