{
  "title":"Lecture 14: P and NP, SAT, Poly-Time Reducibility",
  "description": "",
  "file": null,
  "learning_resource_types": ["Lecture Videos"],
  "resource_type": "Video",
  "file_type": null,
  "youtube_key":  "1VhnDdQsELo",
  "captions_file": "/courses/18-404j-theory-of-computation-fall-2020/9de000fde14f5dffaffb00bc0102bdcd_1VhnDdQsELo.vtt",
  "transcript_file": "/courses/18-404j-theory-of-computation-fall-2020/1f8c07520728f22bf88196d3f138be69_1VhnDdQsELo.pdf",
  "thumbnail_file": "https://img.youtube.com/vi/1VhnDdQsELo/default.jpg",
  "archive_url": "https://archive.org/download/MIT18.404F20/MIT18_404F20_lec14_300k.mp4"}
