{
  "title":"Lecture 8: Undecidability",
  "description": "",
  "file": null,
  "learning_resource_types": ["Lecture Videos"],
  "resource_type": "Video",
  "file_type": null,
  "youtube_key":  "3PzuSPQPEU4",
  "captions_file": "/courses/18-404j-theory-of-computation-fall-2020/c2b26760fd3153f988d1bcaa68f5e439_3PzuSPQPEU4.vtt",
  "transcript_file": "/courses/18-404j-theory-of-computation-fall-2020/ee8ea0832eeac91d9fdc5e20d19f9e22_3PzuSPQPEU4.pdf",
  "thumbnail_file": "https://img.youtube.com/vi/3PzuSPQPEU4/default.jpg",
  "archive_url": "https://archive.org/download/MIT18.404F20/MIT18_404F20_lec08_300k.mp4"}
