{
  "title":"Lecture 22: Provably Intractable Problems, Oracles",
  "description": "",
  "file": null,
  "learning_resource_types": ["Lecture Videos"],
  "resource_type": "Video",
  "file_type": null,
  "youtube_key":  "N32bnUliSzo",
  "captions_file": "/courses/18-404j-theory-of-computation-fall-2020/4583bd83fcd552aeae54d87b356aca0c_N32bnUliSzo.vtt",
  "transcript_file": "/courses/18-404j-theory-of-computation-fall-2020/88786eaf01c47ee97d9afbc902d98608_N32bnUliSzo.pdf",
  "thumbnail_file": "https://img.youtube.com/vi/N32bnUliSzo/default.jpg",
  "archive_url": "https://archive.org/download/MIT18.404F20/MIT18_404F20_lec22_300k.mp4"}
