<?xml version="1.0" encoding="utf-8" standalone="yes"?>
<rss version="2.0" xmlns:atom="http://www.w3.org/2005/Atom">
  <channel>
    <title>Lecture Notes on MIT OpenCourseWare</title>
    <link>/resources/lecture-notes/</link>
    <description>Recent content in Lecture Notes on MIT OpenCourseWare</description>
    <generator>Hugo -- gohugo.io</generator>
    <language>en-us</language><atom:link href="/resources/lecture-notes/index.xml" rel="self" type="application/rss+xml" />
    <item>
      <title>18.404J F2020 Lecture 1: Introduction, Finite Automata, Regular Expressions</title>
      <link>/resources/mit18_404f20_lec1-1/data.json</link>
      <pubDate>Mon, 01 Jan 0001 00:00:00 +0000</pubDate>
      
      <guid>/resources/mit18_404f20_lec1-1/data.json</guid>
      <description></description>
    </item>
    
    <item>
      <title>18.404J F2020 Lecture 17: Space Complexity, PSPACE, Savitch&#39;s Theorem</title>
      <link>/resources/mit18_404f20_lec17-1/data.json</link>
      <pubDate>Mon, 01 Jan 0001 00:00:00 +0000</pubDate>
      
      <guid>/resources/mit18_404f20_lec17-1/data.json</guid>
      <description></description>
    </item>
    
    <item>
      <title>18.404J F2020 Lecture 18: PSPACE-Completeness</title>
      <link>/resources/mit18_404f20_lec18-1/data.json</link>
      <pubDate>Mon, 01 Jan 0001 00:00:00 +0000</pubDate>
      
      <guid>/resources/mit18_404f20_lec18-1/data.json</guid>
      <description></description>
    </item>
    
    <item>
      <title>18.404J F2020 Lecture 19: Games, Generalized Geography</title>
      <link>/resources/mit18_404f20_lec19-1/data.json</link>
      <pubDate>Mon, 01 Jan 0001 00:00:00 +0000</pubDate>
      
      <guid>/resources/mit18_404f20_lec19-1/data.json</guid>
      <description></description>
    </item>
    
    <item>
      <title>18.404J F2020 Lecture 20: L and NL, NL = coNL</title>
      <link>/resources/mit18_404f20_lec20-1/data.json</link>
      <pubDate>Mon, 01 Jan 0001 00:00:00 +0000</pubDate>
      
      <guid>/resources/mit18_404f20_lec20-1/data.json</guid>
      <description></description>
    </item>
    
    <item>
      <title>18.404J F2020 Lecture 21: Hierarchy Theorems</title>
      <link>/resources/mit18_404f20_lec21-1/data.json</link>
      <pubDate>Mon, 01 Jan 0001 00:00:00 +0000</pubDate>
      
      <guid>/resources/mit18_404f20_lec21-1/data.json</guid>
      <description></description>
    </item>
    
    <item>
      <title>18.404J F2020 Lecture 22: Provably Intractable Problems, Oracles</title>
      <link>/resources/mit18_404f20_lec22-1/data.json</link>
      <pubDate>Mon, 01 Jan 0001 00:00:00 +0000</pubDate>
      
      <guid>/resources/mit18_404f20_lec22-1/data.json</guid>
      <description></description>
    </item>
    
    <item>
      <title>18.404J F2020 Lecture 23: Probabilistic Computation, BPP</title>
      <link>/resources/mit18_404f20_lec23-1/data.json</link>
      <pubDate>Mon, 01 Jan 0001 00:00:00 +0000</pubDate>
      
      <guid>/resources/mit18_404f20_lec23-1/data.json</guid>
      <description></description>
    </item>
    
    <item>
      <title>18.404J F2020 Lecture 24: Probabilistic Computation (cont.)</title>
      <link>/resources/mit18_404f20_lec24-1/data.json</link>
      <pubDate>Mon, 01 Jan 0001 00:00:00 +0000</pubDate>
      
      <guid>/resources/mit18_404f20_lec24-1/data.json</guid>
      <description></description>
    </item>
    
    <item>
      <title>18.404J F2020 Lecture 25: Interactive Proof Systems, IP</title>
      <link>/resources/mit18_404f20_lec25-1/data.json</link>
      <pubDate>Mon, 01 Jan 0001 00:00:00 +0000</pubDate>
      
      <guid>/resources/mit18_404f20_lec25-1/data.json</guid>
      <description></description>
    </item>
    
    <item>
      <title>18.404J F2020 Lecture 26: coNP and  IP</title>
      <link>/resources/mit18_404f20_lec26-1/data.json</link>
      <pubDate>Mon, 01 Jan 0001 00:00:00 +0000</pubDate>
      
      <guid>/resources/mit18_404f20_lec26-1/data.json</guid>
      <description></description>
    </item>
    
    <item>
      <title>Lecture Notes</title>
      <link>/pages/lecture-notes/data.json</link>
      <pubDate>Mon, 01 Jan 0001 00:00:00 +0000</pubDate>
      
      <guid>/pages/lecture-notes/data.json</guid>
      <description>LEC # TOPICS PDF PPT 1 Introduction, Finite Automata, Regular Expressions (PDF) (PPT) 2 Nondeterminism, Closure Properties, Regular Expressions → Finite Automata (PDF) (PPT) 3 The Regular Pumping Lemma, Finite Automata → Regular Expressions, CFGs (PDF) (PPT) 4 Pushdown Automata, CFG ↔ PDA (PDF) (PPT) 5 The CF Pumping Lemma, Turing Machines (PDF) (PPT) 6 TM Variants, the Church-Turing Thesis (PDF) (PPT - 2.4MB) 7 Decision Problems for Automata and Grammars (PDF) (PPT - 1.</description>
    </item>
    
    <item>
      <title>MIT18_404f20_lec1.pptx</title>
      <link>/resources/mit18_404f20_lec1/data.json</link>
      <pubDate>Mon, 01 Jan 0001 00:00:00 +0000</pubDate>
      
      <guid>/resources/mit18_404f20_lec1/data.json</guid>
      <description></description>
    </item>
    
    <item>
      <title>MIT18_404f20_lec10.pptx</title>
      <link>/resources/mit18_404f20_lec10/data.json</link>
      <pubDate>Mon, 01 Jan 0001 00:00:00 +0000</pubDate>
      
      <guid>/resources/mit18_404f20_lec10/data.json</guid>
      <description></description>
    </item>
    
    <item>
      <title>MIT18_404f20_lec11.pptx</title>
      <link>/resources/mit18_404f20_lec11/data.json</link>
      <pubDate>Mon, 01 Jan 0001 00:00:00 +0000</pubDate>
      
      <guid>/resources/mit18_404f20_lec11/data.json</guid>
      <description></description>
    </item>
    
    <item>
      <title>MIT18_404f20_lec12.pptx</title>
      <link>/resources/mit18_404f20_lec12/data.json</link>
      <pubDate>Mon, 01 Jan 0001 00:00:00 +0000</pubDate>
      
      <guid>/resources/mit18_404f20_lec12/data.json</guid>
      <description></description>
    </item>
    
    <item>
      <title>MIT18_404f20_lec14.pptx</title>
      <link>/resources/mit18_404f20_lec14/data.json</link>
      <pubDate>Mon, 01 Jan 0001 00:00:00 +0000</pubDate>
      
      <guid>/resources/mit18_404f20_lec14/data.json</guid>
      <description></description>
    </item>
    
    <item>
      <title>MIT18_404f20_lec15.pptx</title>
      <link>/resources/mit18_404f20_lec15/data.json</link>
      <pubDate>Mon, 01 Jan 0001 00:00:00 +0000</pubDate>
      
      <guid>/resources/mit18_404f20_lec15/data.json</guid>
      <description></description>
    </item>
    
    <item>
      <title>MIT18_404f20_lec16.pptx</title>
      <link>/resources/mit18_404f20_lec16/data.json</link>
      <pubDate>Mon, 01 Jan 0001 00:00:00 +0000</pubDate>
      
      <guid>/resources/mit18_404f20_lec16/data.json</guid>
      <description></description>
    </item>
    
    <item>
      <title>MIT18_404f20_lec17.pptx</title>
      <link>/resources/mit18_404f20_lec17/data.json</link>
      <pubDate>Mon, 01 Jan 0001 00:00:00 +0000</pubDate>
      
      <guid>/resources/mit18_404f20_lec17/data.json</guid>
      <description></description>
    </item>
    
    <item>
      <title>MIT18_404f20_lec18.pptx</title>
      <link>/resources/mit18_404f20_lec18/data.json</link>
      <pubDate>Mon, 01 Jan 0001 00:00:00 +0000</pubDate>
      
      <guid>/resources/mit18_404f20_lec18/data.json</guid>
      <description></description>
    </item>
    
    <item>
      <title>MIT18_404f20_lec19.pptx</title>
      <link>/resources/mit18_404f20_lec19/data.json</link>
      <pubDate>Mon, 01 Jan 0001 00:00:00 +0000</pubDate>
      
      <guid>/resources/mit18_404f20_lec19/data.json</guid>
      <description></description>
    </item>
    
    <item>
      <title>MIT18_404f20_lec2.pptx</title>
      <link>/resources/mit18_404f20_lec2/data.json</link>
      <pubDate>Mon, 01 Jan 0001 00:00:00 +0000</pubDate>
      
      <guid>/resources/mit18_404f20_lec2/data.json</guid>
      <description></description>
    </item>
    
    <item>
      <title>MIT18_404f20_lec20.pptx</title>
      <link>/resources/mit18_404f20_lec20/data.json</link>
      <pubDate>Mon, 01 Jan 0001 00:00:00 +0000</pubDate>
      
      <guid>/resources/mit18_404f20_lec20/data.json</guid>
      <description></description>
    </item>
    
    <item>
      <title>MIT18_404f20_lec21.pptx</title>
      <link>/resources/mit18_404f20_lec21/data.json</link>
      <pubDate>Mon, 01 Jan 0001 00:00:00 +0000</pubDate>
      
      <guid>/resources/mit18_404f20_lec21/data.json</guid>
      <description></description>
    </item>
    
    <item>
      <title>MIT18_404f20_lec22.pptx</title>
      <link>/resources/mit18_404f20_lec22/data.json</link>
      <pubDate>Mon, 01 Jan 0001 00:00:00 +0000</pubDate>
      
      <guid>/resources/mit18_404f20_lec22/data.json</guid>
      <description></description>
    </item>
    
    <item>
      <title>MIT18_404f20_lec23.pptx</title>
      <link>/resources/mit18_404f20_lec23/data.json</link>
      <pubDate>Mon, 01 Jan 0001 00:00:00 +0000</pubDate>
      
      <guid>/resources/mit18_404f20_lec23/data.json</guid>
      <description></description>
    </item>
    
    <item>
      <title>MIT18_404f20_lec24.pptx</title>
      <link>/resources/mit18_404f20_lec24/data.json</link>
      <pubDate>Mon, 01 Jan 0001 00:00:00 +0000</pubDate>
      
      <guid>/resources/mit18_404f20_lec24/data.json</guid>
      <description></description>
    </item>
    
    <item>
      <title>MIT18_404f20_lec25.pptx</title>
      <link>/resources/mit18_404f20_lec25/data.json</link>
      <pubDate>Mon, 01 Jan 0001 00:00:00 +0000</pubDate>
      
      <guid>/resources/mit18_404f20_lec25/data.json</guid>
      <description></description>
    </item>
    
    <item>
      <title>MIT18_404f20_lec26.pptx</title>
      <link>/resources/mit18_404f20_lec26/data.json</link>
      <pubDate>Mon, 01 Jan 0001 00:00:00 +0000</pubDate>
      
      <guid>/resources/mit18_404f20_lec26/data.json</guid>
      <description></description>
    </item>
    
    <item>
      <title>MIT18_404f20_lec3.pptx</title>
      <link>/resources/mit18_404f20_lec3/data.json</link>
      <pubDate>Mon, 01 Jan 0001 00:00:00 +0000</pubDate>
      
      <guid>/resources/mit18_404f20_lec3/data.json</guid>
      <description></description>
    </item>
    
    <item>
      <title>MIT18_404f20_lec4.pptx</title>
      <link>/resources/mit18_404f20_lec4/data.json</link>
      <pubDate>Mon, 01 Jan 0001 00:00:00 +0000</pubDate>
      
      <guid>/resources/mit18_404f20_lec4/data.json</guid>
      <description></description>
    </item>
    
    <item>
      <title>MIT18_404f20_lec5.pptx</title>
      <link>/resources/mit18_404f20_lec5/data.json</link>
      <pubDate>Mon, 01 Jan 0001 00:00:00 +0000</pubDate>
      
      <guid>/resources/mit18_404f20_lec5/data.json</guid>
      <description></description>
    </item>
    
    <item>
      <title>MIT18_404f20_lec6.pptx</title>
      <link>/resources/mit18_404f20_lec6/data.json</link>
      <pubDate>Mon, 01 Jan 0001 00:00:00 +0000</pubDate>
      
      <guid>/resources/mit18_404f20_lec6/data.json</guid>
      <description></description>
    </item>
    
    <item>
      <title>MIT18_404f20_lec7.pptx</title>
      <link>/resources/mit18_404f20_lec7/data.json</link>
      <pubDate>Mon, 01 Jan 0001 00:00:00 +0000</pubDate>
      
      <guid>/resources/mit18_404f20_lec7/data.json</guid>
      <description></description>
    </item>
    
    <item>
      <title>MIT18_404f20_lec8.pptx</title>
      <link>/resources/mit18_404f20_lec8/data.json</link>
      <pubDate>Mon, 01 Jan 0001 00:00:00 +0000</pubDate>
      
      <guid>/resources/mit18_404f20_lec8/data.json</guid>
      <description></description>
    </item>
    
    <item>
      <title>MIT18_404f20_lec9.pptx</title>
      <link>/resources/mit18_404f20_lec9/data.json</link>
      <pubDate>Mon, 01 Jan 0001 00:00:00 +0000</pubDate>
      
      <guid>/resources/mit18_404f20_lec9/data.json</guid>
      <description></description>
    </item>
    
  </channel>
</rss>
