{
  "title":"Lecture 18: PSPACE-Completeness",
  "description": "",
  "file": null,
  "learning_resource_types": ["Lecture Videos"],
  "resource_type": "Video",
  "file_type": null,
  "youtube_key":  "aVv9WXwW95w",
  "captions_file": "/courses/18-404j-theory-of-computation-fall-2020/ceee4a7b766555cd893a43bcf1713a67_aVv9WXwW95w.vtt",
  "transcript_file": "/courses/18-404j-theory-of-computation-fall-2020/765a003fe9933260b08d8c2267f6fe73_aVv9WXwW95w.pdf",
  "thumbnail_file": "https://img.youtube.com/vi/aVv9WXwW95w/default.jpg",
  "archive_url": "https://archive.org/download/MIT18.404F20/MIT18_404F20_lec18_300k.mp4"}
