{
  "title":"Lecture 6: TM Variants, Church-Turing Thesis",
  "description": "",
  "file": null,
  "learning_resource_types": ["Lecture Videos"],
  "resource_type": "Video",
  "file_type": null,
  "youtube_key":  "TTArY7ojshU",
  "captions_file": "/courses/18-404j-theory-of-computation-fall-2020/9cbb3888eb005aa48f76bd6df1598e51_TTArY7ojshU.vtt",
  "transcript_file": "/courses/18-404j-theory-of-computation-fall-2020/9ec3c6d48876f589a7a2e2526573a841_TTArY7ojshU.pdf",
  "thumbnail_file": "https://img.youtube.com/vi/TTArY7ojshU/default.jpg",
  "archive_url": "https://archive.org/download/MIT18.404F20/MIT18_404F20_lec06_300k.mp4"}
