{"046793fe-1d71-59d6-b6bd-f79c74bd7119":"/resources/4dfpvjrnlds-2/data.json","05720343-5eb7-ecb7-7cca-afde892dbacf":"/resources/mit18_404f20_lec9/data.json","07c43ed5-9e19-104f-8d9d-d7e873b04529":"/resources/mit18_404f20_lec23/data.json","095c2b5f-d5a4-db68-bc9f-96ce91dc5d18":"/resources/lecture-11-recursion-theorem-and-logic/data.json","0acb1321-504f-570d-8ac5-81770f0ac5b5":"/resources/mit18_404f20_lec21/data.json","0b4807d0-7607-2912-0ddd-bdc10c718d33":"/resources/4dfpvjrnlds/data.json","0d814f5a-ba35-f291-f025-3b7b34af2868":"/resources/mit18_404f20_lec15/data.json","0eb1cb0d-c370-2882-7a0a-737d2dd229d0":"/video_galleries/video-lectures/data.json","11818ad4-884e-2b52-aa13-bc9cc743ede1":"/resources/mit18_404f20_hw3/data.json","11bbf83d-05fe-6b80-ef69-e40e223ea78f":"/resources/mit18_404f20_hw2/data.json","12409362-e937-4813-7502-be876e72f9b3":"/resources/iycopfmeqk8-1/data.json","13428e3c-2bec-55fa-a8d8-878bb9c8d6be":"/resources/vp_azdgqyra-2/data.json","14b398f4-b239-b072-078e-47e27cc5c6d7":"/resources/mit18_404f20_lec18/data.json","17896f44-26bd-01ba-b07b-30e0fbd89cca":"/pages/exams/data.json","18c8cd00-b14d-48dc-5865-f3bdc41abd76":"/resources/mit18_404f20_lec5-1/data.json","198849bb-ce99-51cb-a630-ac4faca25686":"/resources/kaysmsegc9u-2/data.json","1b34887b-e491-d500-d385-f8fb88eb20f0":"/resources/4mgn6uxd4i4-1/data.json","1e569d8a-a6be-bd25-4156-ac586551bec1":"/resources/18-404jf20-th/data.json","1f8c0752-0728-f22b-f881-96d3f138be69":"/resources/1vhnddqselo-1/data.json","227024dc-0ac2-a8b4-d6b0-24caeca87cd8":"/pages/assignments/data.json","25eb14e1-54bf-f97a-f517-3a45a625ab51":"/resources/18-404jf20_v2/data.json","28113189-51bd-06cf-fd87-5832c176e0a5":"/resources/lecture-20-l-and-nl-nl-conl/data.json","2a0f3c7d-01d8-0b46-3065-7f72ae85fcb7":"/resources/lecture-15-np-completeness/data.json","2b5069c6-b525-1ac0-9bbb-c4fe58a87527":"/resources/9syvzr-9xwk/data.json","2caf9c28-83b2-0fc2-afdf-a3cf42ae2ed0":"/resources/mit18_404f20_lec26/data.json","2e4ef1e8-abfd-9fab-c0bc-72f966f19892":"/resources/ct_qwktigv4/data.json","35f737e6-2b68-52e5-bc12-6a57e3fc9c0d":"/resources/eexsv0jcho4-2/data.json","36cf47e6-980c-6d8f-674e-e42423f9490d":"/resources/m9ehvidpajq/data.json","386d369e-c3b1-7176-b562-3c0043e61713":"/resources/mit18_404f20_lec16/data.json","38bae246-8b75-d4c9-148d-4bcf3c1c6138":"/resources/q3xvno_kgry-1/data.json","391529b7-6aa2-cee9-59da-9d0752ff3a80":"/resources/mit18_404f20_lec17/data.json","3a183a4d-96e2-333f-2130-e82ff313e5e4":"/resources/kaysmsegc9u/data.json","3a37f978-045d-4293-c204-cbcb72c6573a":"/resources/ct_qwktigv4-1/data.json","3a8e803c-31ff-396a-d533-8677489dc7ea":"/resources/6az1gtdraau-1/data.json","3ab8452b-4b29-eb28-a141-6e4a1575323c":"/resources/mit18_404f20_lec8-1/data.json","3bb6ca70-c7dd-533a-fad4-c5aad278c91a":"/pages/readings/data.json","442502c4-98a5-7f54-48a7-958c758e02d9":"/resources/mit18_404f20_lec12/data.json","44f32869-33ae-429f-f3cd-163e8181ee46":"/resources/mit18_404f20_lec23-1/data.json","4583bd83-fcd5-52ae-ae54-d87b356aca0c":"/resources/n32bnuliszo-2/data.json","45e2fd62-1349-cfd7-c9fa-f93a6ba134a3":"/resources/mit18_404f20_lec14-1/data.json","47d1b765-8b47-ddac-3db4-f1cbfe863d58":"/resources/decision-problems-for-automata-and-grammars/data.json","4971cfae-ab82-90eb-2539-668bfa3287d7":"/resources/m9ehvidpajq-1/data.json","4dbaf4b0-c87f-0101-749c-5e0aa48c8a05":"/resources/lecture-16-cook-levin-theorem/data.json","4e3b372f-f451-5ee7-8308-ba3da00c42a1":"/resources/tsi3lr5wzmo-2/data.json","4fa2117b-b6f1-76fc-4b4e-4483ffa3b0d2":"/resources/lecture-8-undecidability/data.json","50cb369d-1be3-c7fb-e088-6e318aea13c2":"/resources/mit18_404f20_lec22-1/data.json","53dae3ef-ef73-3028-073a-82d4686c071d":"/resources/lecture-26-conp-2286-ip/data.json","567fbcb3-68f0-922c-9051-22084bdbf4f1":"/resources/vqfraweecus/data.json","57b37c75-5373-9c99-5fa3-7792f30b5304":"/resources/mit18_404f20_lec24/data.json","5cc94879-30cb-fd1b-e95c-d67f1c495335":"/resources/regular-pumping-lemma-finite-automata-2192-regular-expressions-cfgs/data.json","5ddadb41-3cb2-0a55-56e9-24925abaf0aa":"/pages/calendar/data.json","5e1fd0df-b8d0-d45a-2bde-948aec38b4d9":"/resources/kaysmsegc9u-1/data.json","5f10f0b0-3766-7fb9-a9ed-a63833093400":"/resources/vqfraweecus-1/data.json","5f3e3c8a-5c2b-588e-86b9-9f7291393046":"/resources/9syvzr-9xwk-2/data.json","5fa3b759-dccf-7ba7-08e0-484427f2b968":"/resources/mit18_404f20_lec3/data.json","63b47216-97ff-b188-2311-acf2fc4543d7":"/resources/lecture-21-hierarchy-theorems/data.json","651d5163-fab3-6d4f-5ace-75a644598b1a":"/resources/lecture-10-computation-history-method/data.json","67debd1a-a644-51d6-839a-0a0c43298791":"/pages/instructor-insights/data.json","682fdf8f-90ef-5277-a8d7-7fef9548c8bb":"/resources/m9ehvidpajq-2/data.json","6976a692-b7b6-8557-04f0-2dc655a92010":"/resources/lecture-23-probabilistic-computation-bpp/data.json","6d7d7cfb-89db-e0eb-9ac9-ba8fb035e0d2":"/resources/mit18_404f20_mid01/data.json","7028f4e1-d8b2-3811-2dc8-59257684e9d2":"/resources/introduction-finite-automata-regular-expressions/data.json","714d0f16-afa2-7f7d-6d57-d709828e6f1a":"/resources/pushdown-automata-cfg-2194-pda/data.json","718d6bf0-35bd-b16d-34fe-551033bc886d":"/resources/mit18_404f20_lec1/data.json","7278be63-7b3b-a371-d16c-9dd574705e23":"/resources/mit18_404f20_lec12-1/data.json","7405f611-2c8c-a724-2e1e-dd9a021c1e63":"/resources/mit18_404f20_lec6-1/data.json","765a003f-e993-3260-b08d-8c2267f6fe73":"/resources/avv9wxww95w-1/data.json","76847d3e-78aa-9e54-9538-3881af23ea27":"/resources/nondeterminism-closure-properties-regular-expressions-2192-finite-automata/data.json","779043ea-7241-31d0-08ea-e652d703938f":"/resources/mit18_404f20_lec11-1/data.json","78c0346b-d81b-6abc-b2b1-dde899adfc88":"/resources/mit18_404f20_lec7-1/data.json","7a9d619f-6960-5654-3aef-2ea4df51c7ef":"/resources/mit18_404f20_hw6/data.json","7ac94471-6e07-6209-c396-4e073929f42e":"/resources/mit18_404f20_lec26-1/data.json","7d918ed6-fcbe-46f5-596e-3f846d2cc258":"/resources/q3xvno_kgry/data.json","7e3c16d7-04f5-ca4f-4e60-135beb633daf":"/resources/mgqolm2aagc/data.json","8212b19f-c5a3-4f50-0ca6-acf03a3a7d74":"/resources/mit18_404f20_lec16-1/data.json","823990a6-0db1-5876-8fe0-d814deffad3b":"/resources/izpzbhgdswi-2/data.json","851a4350-df7e-d1d1-e1b7-c03272e61560":"/resources/tsi3lr5wzmo/data.json","854d7b74-7ecd-354b-5ef5-fcfa78b88a72":"/resources/mgqolm2aagc-1/data.json","85f2a47d-4396-9d9a-1c0d-ee8bdc17676a":"/resources/4mgn6uxd4i4/data.json","86305bbf-aa2b-cc31-f8c2-49142051e037":"/resources/9syvzr-9xwk-1/data.json","87629dba-e63a-97eb-6431-9b5a9f75db86":"/resources/n28g_ybxy8y-1/data.json","87edb14f-f315-5d58-a9ab-8d281a5bd3a2":"/resources/onsscmuwjmu-2/data.json","88786eaf-01c4-7ee9-7d9a-fbc902d98608":"/resources/n32bnuliszo-1/data.json","88f78966-4d32-36a6-4481-714fc911d119":"/resources/mit18_404f20_lec18-1/data.json","89b6d436-c97d-623f-26e9-cdc3cd8f3dea":"/resources/n28g_ybxy8y/data.json","8b3e808a-a8f6-2fc7-000d-5ff404da54a9":"/resources/tsi3lr5wzmo-1/data.json","8c421bdb-760a-a5f8-4243-1562f9ed853a":"/resources/lecture-9-reducibility/data.json","8c5da37d-9a84-95cd-7aad-aed30ad3a7e1":"/resources/lecture-22-provably-intractable-problems-oracles/data.json","8c60ebaf-2f36-a7e8-3631-a3a1deb82acb":"/resources/mit18_404f20_hw5/data.json","8e932b9f-8bf1-d8aa-b0fd-a23f83ced718":"/resources/n-_xmlanpyg/data.json","910c70b3-e117-2494-7d47-ea900c7ab4fd":"/resources/mit18_404f20_hw1/data.json","9233517f-4c6a-12f4-ba7b-59eadd4fcc60":"/resources/mit18_404f20_mid06/data.json","9538179d-0a8c-f37b-2978-c646d0cf6d89":"/pages/syllabus/data.json","97dd8e81-073d-5ede-9a20-52d36c1b90d9":"/resources/7j1hd9rqeb4-2/data.json","985c567f-01d3-ad47-d737-c3b33eb678ea":"/resources/mit18_404f20_lec21-1/data.json","9abec948-f75d-d9ae-39aa-8137703f5582":"/resources/onsscmuwjmu/data.json","9b025394-d997-750b-3cd7-65c7a074881f":"/resources/mit18_404f20_lec17-1/data.json","9bdf0ca7-7391-027d-fddc-83f7e025ab6c":"/resources/onsscmuwjmu-1/data.json","9c54d4ad-273b-5c02-8117-4d1948053324":"/resources/iycopfmeqk8-2/data.json","9cbb3888-eb00-5aa4-8f76-bd6df1598e51":"/resources/ttary7ojshu-2/data.json","9de000fd-e14f-5dff-affb-00bc0102bdcd":"/resources/1vhnddqselo-2/data.json","9e009b78-47f7-4482-e93f-90da396bb338":"/resources/mit18_404f20_lec2/data.json","9e2e2721-ac29-5955-8ee3-8e1e6c1e9672":"/resources/asjac90l8re-2/data.json","9ec3c6d4-8876-f589-a7a2-e2526573a841":"/resources/ttary7ojshu-1/data.json","9efb55dd-f447-0669-a941-6c3276f04ef5":"/resources/mit18_404f20_lec7/data.json","a22fce6f-6824-c53d-bb79-a0da786966a6":"/resources/mit18_404f20_lec4-1/data.json","a36086b7-4a4b-8d5e-faeb-d8658d1caef6":"/resources/avv9wxww95w/data.json","a48f01c5-374e-72ee-4f68-a70bc0e38583":"/resources/mit18_404f20_lec10-1/data.json","a4c189a1-5bd5-3906-110d-7855e9d3b271":"/resources/mit18_404f20_lec25/data.json","a4de1484-a996-6fbd-c953-39952dd91aa9":"/resources/eexsv0jcho4-1/data.json","a6b994f8-2b6d-f50f-2c3e-de09cb7523ae":"/resources/7j1hd9rqeb4/data.json","a77711ed-3d21-2bf4-72f3-485883a121e0":"/resources/mit18_404f20_lec3-1/data.json","a7f0bc77-8584-4884-c4de-624f61ce5978":"/resources/mit18_404f20_lec4/data.json","a812b182-54ab-e486-82d5-bc7143f7976c":"/resources/mit18_404f20_lec6/data.json","a917027e-6939-a9a3-0c2b-7a2981f45b54":"/resources/lecture-17-space-complexity-pspace-savitchs-theorem/data.json","ac60581c-bf30-50d7-87d6-6c6473461278":"/resources/4mgn6uxd4i4-2/data.json","ad1c5b4b-ae3a-4478-c402-5f11afde5f5a":"/resources/mit18_404f20_hw4/data.json","ae0db7c1-390d-d06b-3680-649a1d4b3606":"/resources/7j1hd9rqeb4-1/data.json","b299a10b-0982-48a6-30ca-dc9f9cf10d4b":"/resources/mit18_404f20_lec14/data.json","b33b41e5-5168-b6c3-fc7d-634b8d93a584":"/resources/lecture-25-interactive-proof-systems-ip/data.json","b4d9bf15-73dc-cea2-1bee-82cfba4224d4":"/resources/mit18_404f20_lec1-1/data.json","b51284de-5310-a138-1a9c-46d39206e154":"/resources/3pzuspqpeu4/data.json","b7a580ba-97f6-6a30-ee33-598402debf0f":"/resources/n-_xmlanpyg-1/data.json","b9814c0b-1940-abd1-cd6f-f580e627e444":"/resources/mit18_404f20_lec8/data.json","b9e1f190-db17-5c79-9f9c-72869d9446e7":"/resources/mgqolm2aagc-2/data.json","bcd8ef38-2d00-e6c7-b448-610776606fdf":"/resources/mit18_404f20_final_soln/data.json","bfcba772-3d39-310c-b0fa-178cd590f904":"/resources/lecture-24-probabilistic-computation-cont/data.json","c071ff2b-cbe9-3648-18f6-4c2ca06e103a":"/resources/lecture-18-pspace-completeness/data.json","c0f5cb86-49bd-7839-48ed-8e75421f2a71":"/resources/lecture-19-games-generalized-geography/data.json","c1aca704-6a69-c913-721e-5eb910a5fb21":"/resources/mit18_404f20_lec15-1/data.json","c27eaa0a-c30f-5c66-93a6-f1a1b63f5cae":"/resources/n-_xmlanpyg-2/data.json","c2b26760-fd31-53f9-88d1-bcaa68f5e439":"/resources/3pzuspqpeu4-2/data.json","c38488d3-add5-ac59-09cc-feba080a7860":"/resources/asjac90l8re/data.json","c42b95c0-928d-0d23-b59f-6d66a184c172":"/resources/mit18_404f20_lec19/data.json","c4460ef8-a2e7-cca4-7b56-97c23f258c39":"/resources/eexsv0jcho4/data.json","c5a79dfc-d3c4-cfdf-9221-016e14972375":"/resources/lecture-12-time-complexity/data.json","c91b0a2f-b1f1-7528-417c-6ac616fd28cb":"/resources/vp_azdgqyra/data.json","c9b742bd-6245-56b4-5ac7-5ea2fb133b32":"/resources/mit18_404f20_lec20-1/data.json","caed66ab-a2d5-2615-870b-ad0e1668f9f1":"/resources/18-404jf20/data.json","cbfe4302-bc8b-fa4d-ca3c-3bfcfd4661a8":"/resources/mit18_404f20_lec24-1/data.json","cd36299a-6373-26d7-b52d-89d9261036e3":"/resources/mit18_404f20_lec22/data.json","cebbc2ed-fd60-ae3b-3b30-c503b404bad6":"/resources/ttary7ojshu/data.json","ceee4a7b-7665-55cd-893a-43bcf1713a67":"/resources/avv9wxww95w-2/data.json","d052e613-659e-5ae5-a89d-f4faf5ecf3a2":"/resources/n28g_ybxy8y-2/data.json","d0c54f34-699f-466f-5d07-9eefe3b8013e":"/resources/edu_b-lecture-due-quiz/data.json","d6d8aa19-6b5a-0989-2174-ca91749ea0ae":"/resources/cf-pumping-lemma-turing-machines/data.json","d741901d-23b4-5225-88e2-67177c77d10d":"/resources/mit18_404f20_lec2-1/data.json","d8ebfeeb-2bde-cefd-bd32-8869efc094fe":"/resources/vp_azdgqyra-1/data.json","dae35894-f6f5-d5d0-9bb9-fc225c664fff":"/resources/mit18_404f20_lec9-1/data.json","df711905-1b1b-43e5-65ea-6ab014405e75":"/pages/lecture-notes/data.json","dfd79410-0a8b-379c-ca2d-e6d27eeb10fc":"/resources/iycopfmeqk8/data.json","e0463d05-90d6-3953-5993-e5003e1f9f44":"/resources/izpzbhgdswi/data.json","e2b6f886-e102-0b79-f565-b0d71ade0ce5":"/resources/asjac90l8re-1/data.json","e3751ade-b5b9-18db-fea1-1a1c28b1278a":"/resources/mit18_404f20_final/data.json","e3fd9e52-a02c-5f88-aac8-978bca9effef":"/resources/q3xvno_kgry-2/data.json","e8478807-62e3-c299-f943-81484770b1d1":"/resources/n32bnuliszo/data.json","ea1e8e2c-272c-e918-8892-d4d0fb1a7f35":"/resources/mit18_404f20_lec11/data.json","eb8b9291-855b-3c70-12db-4481030b574f":"/resources/mit18_404f20_lec20/data.json","ec724195-249b-55b4-9a36-582674ccf0a7":"/resources/ct_qwktigv4-2/data.json","ecd24a20-214e-e4a5-16ae-ec53a72eadb5":"/resources/mit18_404f20_lec5/data.json","edd46fa1-16d2-2681-a970-b9be8912a7e0":"/resources/250-approx/data.json","ee8ea083-2eea-c91d-9fdc-5e20d19f9e22":"/resources/3pzuspqpeu4-1/data.json","efba7f73-3200-1f4b-da60-6e7d5e1c2e0d":"/resources/1vhnddqselo/data.json","f381a6df-cad5-21e8-7058-a44aa17afbe5":"/resources/6az1gtdraau/data.json","f3a77eca-24c6-56f0-b8ae-701758dc3de5":"/resources/6az1gtdraau-2/data.json","f4574153-e420-f920-da86-5165058480eb":"/resources/lecture-14-p-and-np-sat-poly-time-reducibility/data.json","f6fda103-16b3-a876-b032-9e53a7f84f35":"/resources/4dfpvjrnlds-1/data.json","f842dbde-1a9d-b506-fd19-09d5a78b1f1f":"/resources/izpzbhgdswi-1/data.json","fc67533d-cb02-4202-832a-1ee7f264ceec":"/resources/tm-variants-church-turing-thesis/data.json","fcaaf519-6214-5ac0-abfd-05dddd2b703a":"/resources/vqfraweecus-2/data.json","fd9c1b86-56c7-def4-98dc-f662f6750d87":"/resources/mit18_404f20_lec19-1/data.json","fe928199-9e2d-7207-10e4-b58de72aa7e0":"/resources/mit18_404f20_lec25-1/data.json","fff5e720-2fae-a418-07d6-de9a0a6fab1f":"/resources/mit18_404f20_lec10/data.json"}