{
  "title":"Lecture 20: L and NL, NL = coNL",
  "description": "",
  "file": null,
  "learning_resource_types": ["Lecture Videos"],
  "resource_type": "Video",
  "file_type": null,
  "youtube_key":  "q3xvno_KgRY",
  "captions_file": "/courses/18-404j-theory-of-computation-fall-2020/e3fd9e52a02c5f88aac8978bca9effef_q3xvno_KgRY.vtt",
  "transcript_file": "/courses/18-404j-theory-of-computation-fall-2020/38bae2468b75d4c9148d4bcf3c1c6138_q3xvno_KgRY.pdf",
  "thumbnail_file": "https://img.youtube.com/vi/q3xvno_KgRY/default.jpg",
  "archive_url": "https://archive.org/download/MIT18.404F20/MIT18_404F20_lec20_300k.mp4"}
