{
  "title":"Lecture 26: coNP ⊆ IP",
  "description": "",
  "file": null,
  "learning_resource_types": ["Lecture Videos"],
  "resource_type": "Video",
  "file_type": null,
  "youtube_key":  "eEXSv0jChO4",
  "captions_file": "/courses/18-404j-theory-of-computation-fall-2020/35f737e62b6852e5bc126a57e3fc9c0d_eEXSv0jChO4.vtt",
  "transcript_file": "/courses/18-404j-theory-of-computation-fall-2020/a4de1484a9966fbdc95339952dd91aa9_eEXSv0jChO4.pdf",
  "thumbnail_file": "https://img.youtube.com/vi/eEXSv0jChO4/default.jpg",
  "archive_url": "https://archive.org/download/MIT18.404F20/MIT18_404F20_lec26_300k.mp4"}
