{
  "title":"Lecture 24: Probabilistic Computation (cont.)",
  "description": "",
  "file": null,
  "learning_resource_types": ["Lecture Videos"],
  "resource_type": "Video",
  "file_type": null,
  "youtube_key":  "7J1HD9rqEB4",
  "captions_file": "/courses/18-404j-theory-of-computation-fall-2020/97dd8e81073d5ede9a2052d36c1b90d9_7J1HD9rqEB4.vtt",
  "transcript_file": "/courses/18-404j-theory-of-computation-fall-2020/ae0db7c1390dd06b3680649a1d4b3606_7J1HD9rqEB4.pdf",
  "thumbnail_file": "https://img.youtube.com/vi/7J1HD9rqEB4/default.jpg",
  "archive_url": "https://archive.org/download/MIT18.404F20/MIT18_404F20_lec24_300k.mp4"}
