{
  "title":"Lecture 15: NP-Completeness",
  "description": "",
  "file": null,
  "learning_resource_types": ["Lecture Videos"],
  "resource_type": "Video",
  "file_type": null,
  "youtube_key":  "iZPzBHGDsWI",
  "captions_file": "/courses/18-404j-theory-of-computation-fall-2020/823990a60db158768fe0d814deffad3b_iZPzBHGDsWI.vtt",
  "transcript_file": "/courses/18-404j-theory-of-computation-fall-2020/f842dbde1a9db506fd1909d5a78b1f1f_iZPzBHGDsWI.pdf",
  "thumbnail_file": "https://img.youtube.com/vi/iZPzBHGDsWI/default.jpg",
  "archive_url": "https://archive.org/download/MIT18.404F20/MIT18_404F20_lec15_300k.mp4"}
