{
  "title":"Lecture 7: Decision Problems for Automata and Grammars",
  "description": "",
  "file": null,
  "learning_resource_types": ["Lecture Videos"],
  "resource_type": "Video",
  "file_type": null,
  "youtube_key":  "4MgN6uxd4i4",
  "captions_file": "/courses/18-404j-theory-of-computation-fall-2020/ac60581cbf3050d787d66c6473461278_4MgN6uxd4i4.vtt",
  "transcript_file": "/courses/18-404j-theory-of-computation-fall-2020/1b34887be491d500d385f8fb88eb20f0_4MgN6uxd4i4.pdf",
  "thumbnail_file": "https://img.youtube.com/vi/4MgN6uxd4i4/default.jpg",
  "archive_url": "https://archive.org/download/MIT18.404F20/MIT18_404F20_lec07_300k.mp4"}
