{
  "title":"Lecture 2: Nondeterminism, Closure Properties, Regular Expressions → Finite Automata",
  "description": "",
  "file": null,
  "learning_resource_types": ["Lecture Videos"],
  "resource_type": "Video",
  "file_type": null,
  "youtube_key":  "oNsscmUwjMU",
  "captions_file": "/courses/18-404j-theory-of-computation-fall-2020/87edb14ff3155d58a9ab8d281a5bd3a2_oNsscmUwjMU.vtt",
  "transcript_file": "/courses/18-404j-theory-of-computation-fall-2020/9bdf0ca77391027dfddc83f7e025ab6c_oNsscmUwjMU.pdf",
  "thumbnail_file": "https://img.youtube.com/vi/oNsscmUwjMU/default.jpg",
  "archive_url": "https://archive.org/download/MIT18.404F20/MIT18_404F20_lec02_300k.mp4"}
