{
  "title":"Lecture 12: Time Complexity",
  "description": "",
  "file": null,
  "learning_resource_types": ["Lecture Videos"],
  "resource_type": "Video",
  "file_type": null,
  "youtube_key":  "asjAc90L8rE",
  "captions_file": "/courses/18-404j-theory-of-computation-fall-2020/9e2e2721ac2959558ee38e1e6c1e9672_asjAc90L8rE.vtt",
  "transcript_file": "/courses/18-404j-theory-of-computation-fall-2020/e2b6f886e1020b79f565b0d71ade0ce5_asjAc90L8rE.pdf",
  "thumbnail_file": "https://img.youtube.com/vi/asjAc90L8rE/default.jpg",
  "archive_url": "https://archive.org/download/MIT18.404F20/MIT18_404F20_lec12_300k.mp4"}
